topicId,words..
1,mr verloc mother vladimir poor pounds sort wife perfectly winnie
2,christian grey good miss feel steele ve face kate anastasia
3,dorothea mrs sister celia elinor husband dear casaubon brother brooke
4,thought door long made life back told heard room end
5,looked didn asked edward room couldn walked wasn ll table
6,mr man good time business day morning sir red men
7,langdon hook man peter voice gettum sophie boys word teabing
8,eyes don back head hand voice time hands hair front
9,lucy began side aslan felt peter face won ve longer
10,holmes street matter woman man paper case half face friend
11,children darling night mrs father knew wendy hansel house time
12,mind make find work people kind years large felt part
